,City,Latitude,Longitude,Max Temp,Humidity,Cloudiness,Wind Speed,Country,Date
0,Cabo San Lucas,22.8909,-109.9124,76.33,78,100,1.77,MX,1623661200
1,Oriximiná,-1.7656,-55.8661,73.33,87,71,2.77,BR,1623661200
2,George Town,5.4112,100.3354,88.63,64,20,5.37,MY,1623661200
3,Sibolga,1.7427,98.7792,86.11,69,92,4.43,ID,1623661200
4,Saldanha,-33.0117,17.9442,57.94,72,32,2.98,ZA,1623661200
5,Esperance,-33.8667,121.9,51.69,79,76,27.96,AU,1623661200
6,Hofn,64.2539,-15.2082,41.4,60,75,14.16,IS,1623661200
7,Yellowknife,62.456,-114.3525,54.12,82,20,7.96,CA,1623661200
8,Butaritari,3.0707,172.7902,82.67,76,51,13.09,KI,1623661200
9,Kapaa,22.0752,-159.319,74.68,74,20,11.9,US,1623661200
10,Rovaniemi,66.5,25.7167,59.59,50,40,12.15,FI,1623661200
11,Teahupoo,-17.8333,-149.2667,74.41,78,100,15.7,PF,1623661200
12,Port Alfred,-33.5906,26.891,66.29,72,87,9.22,ZA,1623661200
13,Rikitea,-23.1203,-134.9692,75.43,74,100,16.78,PF,1623661200
14,Dauriya,49.9333,116.8667,66.09,76,100,7.78,RU,1623661200
15,Lüderitz,-26.6481,15.1594,75.04,38,35,5.23,NA,1623661200
16,Riyadh,24.6877,46.7219,103.59,8,0,21.0,SA,1623661200
17,Sangar,63.9242,127.4739,66.52,38,100,3.22,RU,1623661200
18,Bambous Virieux,-20.3428,57.7575,79.05,69,40,14.54,MU,1623661200
19,Nikolskoye,59.7035,30.7861,69.28,41,100,8.79,RU,1623661200
20,Punta Arenas,-53.15,-70.9167,38.16,87,40,15.77,CL,1623661200
21,Busselton,-33.65,115.3333,57.2,49,90,18.72,AU,1623661200
22,Jamestown,42.097,-79.2353,57.24,91,1,3.04,US,1623661200
23,Codrington,-38.2667,141.9667,50.86,78,100,7.29,AU,1623661200
24,Middelkerke,51.1558,2.8418,73.2,54,0,5.84,BE,1623661200
25,Santa Maria da Vitória,-13.3947,-44.1886,66.79,81,3,3.8,BR,1623661200
26,Marawi,7.9986,124.2928,79.65,91,69,2.46,PH,1623661200
27,Katsuura,35.1333,140.3,73.18,83,100,6.71,JP,1623661200
28,Nogliki,51.8333,143.1667,45.7,73,8,5.91,RU,1623661200
29,Hobart,-42.8794,147.3294,52.77,90,75,0.89,AU,1623661200
30,Leh,34.1667,77.5833,61.32,24,78,7.09,IN,1623661200
31,Lebu,-37.6167,-73.65,46.13,72,73,21.16,CL,1623661200
32,Qaanaaq,77.484,-69.3632,30.79,76,15,3.91,GL,1623661200
33,Carutapera,-1.195,-46.02,74.37,94,78,4.5,BR,1623661200
34,Albany,42.6001,-73.9662,62.62,86,100,7.2,US,1623661200
35,Atar,20.5169,-13.0499,95.41,13,16,23.53,MR,1623661200
36,Mastic Beach,40.7668,-72.8521,63.23,91,90,9.95,US,1623661200
37,Arraial do Cabo,-22.9661,-42.0278,68.41,65,50,6.82,BR,1623661200
38,Bredasdorp,-34.5322,20.0403,61.18,77,10,3.2,ZA,1623661200
39,Novonukutskiy,53.7002,102.7117,62.65,65,96,6.33,RU,1623661200
40,Vostok,46.4856,135.8833,68.59,47,0,3.76,RU,1623661200
41,Sarankhola,22.3082,89.7897,88.38,71,94,13.38,BD,1623661200
42,Atuona,-9.8,-139.0333,79.57,72,48,24.96,PF,1623661200
43,Sabang,5.8933,95.3214,84.11,76,96,16.28,ID,1623661200
44,Belaya Gora,68.5333,146.4167,63.39,39,100,13.69,RU,1623661200
45,Necochea,-38.5473,-58.7368,52.43,79,100,17.4,AR,1623661200
46,Hermanus,-34.4187,19.2345,61.43,70,6,4.45,ZA,1623661200
47,La Ronge,55.1001,-105.2842,59.25,55,1,5.59,CA,1623661200
48,Cherskiy,68.75,161.3,54.81,42,100,10.0,RU,1623661200
49,Kumul,42.8,93.45,76.51,31,100,15.48,CN,1623661200
50,Chokurdakh,70.6333,147.9167,65.98,36,100,12.33,RU,1623661200
51,Ushuaia,-54.8,-68.3,37.06,70,75,3.62,AR,1623661200
52,São Filipe,14.8961,-24.4956,74.97,78,71,10.98,CV,1623661200
53,Katobu,-4.9408,122.5276,79.38,84,87,3.11,ID,1623661200
54,Pevek,69.7008,170.3133,35.96,81,8,6.6,RU,1623661200
55,Ribeira Grande,38.5167,-28.7,68.72,88,20,0.92,PT,1623661200
56,Archidona,37.0965,-4.3887,76.35,42,1,1.3,ES,1623661200
57,Porto-Novo,6.4965,2.6036,86.88,57,62,7.36,BJ,1623661200
58,Kassala,15.451,36.4,92.05,33,100,7.67,SD,1623661200
59,Fare,-16.7,-151.0167,80.76,74,69,17.72,PF,1623661200
60,Dumas,35.8656,-101.9732,72.01,88,1,10.36,US,1623661200
61,San Patricio,28.017,-97.5169,77.02,94,2,5.68,US,1623661200
62,Hong Kong,22.2855,114.1577,86.65,87,76,12.86,HK,1623661200
63,Labuhan,-6.8844,112.2051,83.86,72,63,7.14,ID,1623661200
64,Show Low,34.2542,-110.0298,65.46,13,1,4.05,US,1623661200
65,Los Llanos de Aridane,28.6585,-17.9182,65.52,89,20,11.56,ES,1623661200
66,Longhua,23.6137,114.1919,90.12,60,80,6.62,CN,1623661200
67,Aksu,41.1231,80.2644,82.67,15,7,5.64,CN,1623661200
68,Upernavik,72.7868,-56.1549,34.32,84,100,5.14,GL,1623661200
69,Araouane,18.9048,-3.5265,100.45,20,23,12.1,ML,1623661200
70,Senj,44.9894,14.9058,71.49,48,1,9.84,HR,1623661200
71,Longyearbyen,78.2186,15.6401,33.64,60,75,12.48,SJ,1623661200
72,Tiksi,71.6872,128.8694,41.34,74,100,5.1,RU,1623661200
73,Flinders,-34.5833,150.8552,57.54,75,93,5.1,AU,1623661200
74,Thompson,55.7435,-97.8558,46.56,93,90,2.8,CA,1623661200
75,Harper,4.375,-7.7169,81.1,80,52,7.67,LR,1623661200
76,Faanui,-16.4833,-151.75,79.5,81,85,16.15,PF,1623661200
77,Sioux Lookout,50.1001,-91.917,57.27,88,90,5.93,CA,1623661200
78,Seredka,58.1584,28.1858,65.95,48,100,6.8,RU,1623661200
79,Bilibino,68.0546,166.4372,62.24,40,99,6.22,RU,1623661200
80,New Norfolk,-42.7826,147.0587,51.89,83,100,1.05,AU,1623661200
81,North Platte,41.1239,-100.7654,70.32,88,75,5.17,US,1623661200
82,Kailua,21.4022,-157.7394,76.05,71,41,16.98,US,1623661200
83,Udachny,66.4167,112.4,52.7,57,100,7.2,RU,1623661200
84,Kidal,18.4411,1.4078,101.44,14,2,6.8,ML,1623661200
85,Cape Town,-33.9258,18.4232,60.87,84,90,0.81,ZA,1623661200
86,Vaini,-21.2,-175.2,75.16,88,75,19.93,TO,1623661200
87,Orcopampa,-15.2661,-72.3417,38.52,52,9,1.07,PE,1623661200
88,Mitsamiouli,-11.3847,43.2844,78.85,62,5,15.57,KM,1623661200
89,Tabuk,17.4189,121.4443,78.42,87,99,6.22,PH,1623661200
90,Ajdabiya,30.7554,20.2263,79.99,44,0,11.14,LY,1623661200
91,Bulgan,48.8125,103.5347,55.85,66,97,5.23,MN,1623661200
92,Victor Harbor,-35.5667,138.6167,59.36,79,95,8.66,AU,1623661200
93,Tilichiki,60.4667,166.1,46.62,79,19,5.26,RU,1623661200
94,Tanabe,33.7333,135.3667,77.94,69,75,2.19,JP,1623661200
95,Wilkes-Barre,41.2459,-75.8813,67.33,91,100,5.53,US,1623661200
96,Fairbanks,64.8378,-147.7164,58.82,74,1,3.13,US,1623661200
97,Henties Bay,-22.116,14.2845,79.97,25,0,13.62,NA,1623661200
98,Ōdachō-ōda,35.1833,132.5,75.97,90,100,6.53,JP,1623661200
99,Hithadhoo,-0.6,73.0833,82.94,74,58,10.27,MV,1623661200
100,Torbay,47.6666,-52.7314,45.1,92,75,10.13,CA,1623661200
101,Port Blair,11.6667,92.75,83.82,79,100,20.71,IN,1623661200
102,Severo-Kuril'sk,50.6789,156.125,43.54,96,100,9.75,RU,1623661200
103,Buala,-8.145,159.5921,80.11,83,58,7.96,SB,1623661200
104,Mataura,-46.1927,168.8643,49.48,98,74,2.1,NZ,1623661200
105,Saskylakh,71.9167,114.0833,48.67,58,100,16.82,RU,1623661200
106,East London,-33.0153,27.9116,67.66,63,0,10.58,ZA,1623661200
107,Farkhor,37.4922,69.4036,98.04,12,1,11.05,TJ,1623661200
108,Qinhuangdao,39.9317,119.5883,68.83,88,100,2.98,CN,1623661200
109,Rundu,-17.9333,19.7667,71.08,21,3,9.91,NA,1623661200
110,Avarua,-21.2078,-159.775,75.06,68,19,19.15,CK,1623661200
111,Vestmannaeyjar,63.4427,-20.2734,41.13,92,100,6.89,IS,1623661200
112,Svodna,45.0372,16.5383,65.77,19,26,6.33,BA,1623661200
113,Bluff,-46.6,168.3333,51.67,92,96,6.35,NZ,1623661200
114,Lagos,6.5833,3.75,86.95,60,35,5.84,NG,1623661200
115,Inhambane,-23.865,35.3833,75.47,57,20,1.63,MZ,1623661200
116,Lenine,45.2986,35.7771,74.97,52,73,10.04,UA,1623661200
117,Praia,14.9215,-23.5087,75.74,78,75,14.94,CV,1623661200
118,San Cristobal,7.7669,-72.225,65.05,96,100,3.38,VE,1623661200
119,Pisco,-13.7,-76.2167,59.04,82,0,4.52,PE,1623661200
120,Plouzané,48.3833,-4.6167,67.17,81,0,11.48,FR,1623661200
121,Illapel,-31.6308,-71.1653,55.38,66,37,0.67,CL,1623661200
122,Hervey Bay,-25.2986,152.8535,66.0,76,94,6.44,AU,1623661200
123,Tuktoyaktuk,69.4541,-133.0374,34.21,93,100,10.16,CA,1623661200
124,Xinzhi,36.4989,111.7047,74.73,84,100,4.34,CN,1623661200
125,Canutama,-6.5339,-64.3831,71.1,82,49,2.51,BR,1623661200
126,Abu Kamal,34.4506,40.9171,96.44,11,0,4.03,SY,1623661200
127,Vitim,59.4511,112.5578,71.62,32,100,10.92,RU,1623661200
128,Makakilo City,21.3469,-158.0858,73.85,65,20,12.03,US,1623661200
129,Hāngal,14.7667,75.1333,79.79,92,100,13.33,IN,1623661200
130,Dikson,73.5069,80.5464,35.17,94,93,10.36,RU,1623661200
131,Benghazi,32.1167,20.0667,75.11,64,0,11.01,LY,1623661200
132,Almaznyy,48.0448,40.045,77.74,50,22,2.15,RU,1623661200
133,Pangody,65.85,74.4859,72.1,51,91,17.58,RU,1623661200
134,Makkah al Mukarramah,21.4267,39.8261,108.48,12,24,20.33,SA,1623661200
135,Bontang,0.1333,117.5,82.49,71,96,5.73,ID,1623661200
136,Norman Wells,65.282,-126.8329,45.73,93,75,9.75,CA,1623661200
137,Vila Velha,-20.3297,-40.2925,64.65,84,44,10.76,BR,1623661200
138,Miloslavskoye,53.5815,39.4399,75.36,63,72,2.8,RU,1623661200
139,Bakhtiyārpur,25.4667,85.5167,87.93,69,98,12.68,IN,1623661200
140,Puerto Ayora,-0.7393,-90.3518,72.12,76,100,8.05,EC,1623661200
141,Alihe,50.5667,123.7167,74.93,61,100,6.15,CN,1623661200
142,Ostrovnoy,68.0531,39.5131,58.75,51,59,6.62,RU,1623661200
143,Masvingo,-20.0637,30.8277,70.27,52,0,6.91,ZW,1623661200
144,Patrocínio,-18.9439,-46.9925,54.19,76,0,6.15,BR,1623661200
145,Barrow,71.2906,-156.7887,34.11,86,90,16.55,US,1623661200
146,Blagoyevo,63.3667,47.9167,77.97,42,53,9.89,RU,1623661200
147,Nanortalik,60.1432,-45.2371,34.74,92,100,1.32,GL,1623661200
148,Vágur,61.4732,-6.8119,47.59,91,55,21.27,FO,1623661200
149,Iroquois Falls,48.7669,-80.6831,55.54,98,18,5.3,CA,1623661200
150,Vardø,70.3705,31.1107,44.58,93,75,5.97,NO,1623661200
151,Seoul,37.5683,126.9778,84.63,60,75,5.93,KR,1623661200
152,Griffith,41.5284,-87.4237,70.66,66,40,11.18,US,1623661200
153,Vila Franca do Campo,37.7167,-25.4333,68.59,78,9,6.06,PT,1623661200
154,Biak,-0.9131,122.8766,79.14,81,99,1.9,ID,1623661200
155,Sitka,57.0531,-135.33,55.09,76,40,2.8,US,1623661200
156,Yuci,37.6803,112.7319,73.89,73,0,3.2,CN,1623661200
157,Morrinhos,-17.7311,-49.0994,60.3,68,11,4.38,BR,1623661200
158,Kavaratti,10.5669,72.642,83.43,75,88,23.62,IN,1623661200
159,Santa,17.486,120.4348,82.27,81,64,10.27,PH,1623661200
160,Ancud,-41.8697,-73.8203,41.58,79,1,6.82,CL,1623661200
161,Hilo,19.7297,-155.09,74.28,88,90,7.54,US,1623661200
162,Hualmay,-11.0964,-77.6139,62.83,89,5,6.93,PE,1623661200
163,Nizhniy Tsasuchey,50.5167,115.1333,74.59,34,100,8.72,RU,1623661200
164,Beyşehir,37.6773,31.7246,72.0,40,5,8.79,TR,1623661200
165,Maceió,-9.6658,-35.7353,76.08,94,40,7.02,BR,1623661200
166,Agadez,19.75,10.25,94.57,12,0,17.78,NE,1623661200
167,Tateyama,34.9833,139.8667,73.44,83,100,8.5,JP,1623661200
168,Beringovskiy,63.05,179.3167,34.12,99,100,10.83,RU,1623661200
169,Korla,41.7597,86.1469,76.59,32,100,15.39,CN,1623661200
170,Chui,-33.6971,-53.4616,52.21,90,0,6.76,UY,1623661200
171,Aswān,24.0934,32.907,100.63,13,2,25.23,EG,1623661200
172,Mahébourg,-20.4081,57.7,79.09,69,40,15.21,MU,1623661200
173,Kaitangata,-46.2817,169.8464,50.09,96,98,2.17,NZ,1623661200
174,Hibbing,47.4272,-92.9377,52.83,100,1,5.35,US,1623661200
175,Tasiilaq,65.6145,-37.6368,37.56,83,78,2.37,GL,1623661200
176,Adrar,20.5022,-10.0711,97.2,8,58,21.5,MR,1623661200
177,Leningradskiy,69.3833,178.4167,33.78,94,46,10.36,RU,1623661200
178,Wajir,1.7471,40.0573,86.97,36,79,17.16,KE,1623661200
179,Airai,-8.9266,125.4092,64.04,83,99,1.9,TL,1623661200
180,Saint-Cyr-sur-Loire,47.4,0.6667,74.52,61,6,6.38,FR,1623661200
181,Lensk,60.7253,114.9278,75.24,23,89,7.65,RU,1623661200
182,Cabral,18.25,-71.2167,75.02,87,44,2.93,DO,1623661200
183,Tymovskoye,50.8456,142.655,62.04,70,88,2.15,RU,1623661200
184,Fort Nelson,58.8053,-122.7002,53.19,76,20,0.74,CA,1623661200
185,Laas,46.6166,10.7002,75.45,40,6,3.62,IT,1623661200
186,Houma,29.5958,-90.7195,74.79,93,75,2.62,US,1623661200
187,College,64.8569,-147.8028,58.46,73,40,3.09,US,1623661200
188,Salalah,17.0151,54.0924,89.31,74,20,15.66,OM,1623661200
189,Souillac,-20.5167,57.5167,79.18,69,40,15.79,MU,1623661200
190,Faranah,10.0404,-10.7434,74.88,82,54,3.33,GN,1623661200
191,Lodja,-3.4833,23.4333,86.11,36,100,1.07,CD,1623661200
192,Bandar-e Lengeh,26.5579,54.8807,100.09,63,0,16.49,IR,1623661200
193,Amazar,53.858,120.875,63.75,92,100,3.33,RU,1623661200
194,Kruisfontein,-34.0033,24.7314,64.09,60,33,0.56,ZA,1623661200
195,Hamilton,39.1834,-84.5333,63.19,87,1,2.66,US,1623661200
196,Polokwane,-23.9045,29.4688,69.35,26,0,7.38,ZA,1623661200
197,Dakar,14.6937,-17.4441,77.13,88,75,13.11,SN,1623661200
198,Andros Town,24.7,-77.7667,81.95,74,100,10.13,BS,1623661200
199,Siniscola,40.5719,9.6922,85.55,42,1,4.85,IT,1623661200
200,Arica,-18.475,-70.3042,62.83,72,90,1.48,CL,1623661200
201,Yarmouth,41.7057,-70.2286,60.51,90,1,9.75,US,1623661200
202,Geraldton,-28.7667,114.6,66.61,68,75,19.13,AU,1623661200
203,San Jerónimo,-11.9472,-75.2829,49.19,71,97,2.04,PE,1623661200
204,Saint-François,46.4154,3.9054,73.9,45,0,1.57,FR,1623661200
205,Melur,10.05,78.3333,91.22,53,100,8.57,IN,1623661200
206,Hirara,24.8,125.2833,86.27,89,75,11.97,JP,1623661200
207,Saint George,37.1041,-113.5841,79.16,14,1,4.05,US,1623661200
208,Lichinga,-13.3128,35.2406,68.63,63,20,4.14,MZ,1623661200
209,Kirakira,-10.4544,161.9205,78.76,81,92,9.08,SB,1623661200
210,Broken Hill,-31.95,141.4333,60.84,82,90,9.15,AU,1623661200
211,Grand Gaube,-20.0064,57.6608,78.39,53,9,18.54,MU,1623661200
212,Poya,-21.35,165.15,72.34,76,2,5.01,NC,1623661200
213,Uren',57.4552,45.7852,73.63,64,34,7.83,RU,1623661200
214,Ibicuí,-14.8417,-39.9867,62.74,97,96,3.91,BR,1623661200
215,Sirari,-1.2333,34.4333,76.21,54,26,2.39,TZ,1623661200
216,Rio Grande,-32.035,-52.0986,55.26,85,0,6.46,BR,1623661200
217,Paamiut,61.994,-49.6678,37.83,81,8,8.25,GL,1623661200
218,Port Augusta,-32.5,137.7667,59.7,53,7,5.39,AU,1623661200
219,Fortaleza,-3.7227,-38.5247,77.13,94,75,11.5,BR,1623661200
220,Mar del Plata,-38.0023,-57.5575,54.93,91,90,17.56,AR,1623661200
221,Vao,-22.6667,167.4833,73.89,83,47,11.14,NC,1623661200
222,Lompoc,34.6391,-120.4579,56.5,91,90,9.91,US,1623661200
223,Alice Springs,-23.7,133.8833,71.15,37,37,7.43,AU,1623661200
224,Alcañiz,41.05,-0.1333,86.43,25,0,3.69,ES,1623661200
225,Emilio Carranza,19.9711,-96.6114,74.07,93,100,11.68,MX,1623661200
226,Wukari,7.85,9.7833,86.05,64,67,7.25,NG,1623661200
227,Ko Samui,9.5357,99.9357,93.11,52,20,13.38,TH,1623661200
228,Panguipulli,-39.6333,-72.3333,34.11,96,12,2.82,CL,1623661200
229,Mountain Home,43.133,-115.6912,73.09,46,40,4.5,US,1623661200
230,Mandera,3.9366,41.867,89.69,31,100,16.51,KE,1623661200
231,Mayor Pablo Lagerenza,-19.9309,-60.7718,57.02,81,0,4.7,PY,1623661200
232,Erenhot,43.6475,111.9767,79.48,33,83,13.8,CN,1623661200
233,Ndélé,8.4109,20.6473,87.04,49,99,5.28,CF,1623661200
234,Asău,46.4333,26.4,60.4,62,75,3.89,RO,1623661200
235,Vilyuysk,63.7553,121.6247,72.39,29,100,3.49,RU,1623661200
236,Najrān,17.4924,44.1277,92.26,6,35,11.9,SA,1623661200
237,Mossamedes,-15.1961,12.1522,86.63,48,0,3.56,AO,1623661200
238,Kaabong,3.4836,34.1492,79.12,45,52,3.13,UG,1623661200
239,Zambezi,-13.5432,23.1047,72.5,23,98,6.73,ZM,1623661200
240,Barra de Tecoanapa,16.5167,-98.75,78.67,85,100,2.89,MX,1623661200
241,Itarema,-2.9248,-39.9167,76.05,89,85,11.52,BR,1623661200
242,Cidreira,-30.1811,-50.2056,56.46,80,0,9.08,BR,1623661200
243,Saint-Philippe,-21.3585,55.7679,77.83,69,65,16.89,RE,1623661200
244,Klaksvík,62.2266,-6.589,49.39,84,40,13.98,FO,1623661200
245,Qaqortoq,60.7167,-46.0333,41.5,84,96,8.03,GL,1623661200
246,Sola,-13.8833,167.55,80.69,73,63,14.61,VU,1623661200
247,Alvorada,-12.48,-49.1247,77.68,45,97,2.93,BR,1623661200
248,Comodoro Rivadavia,-45.8667,-67.5,41.31,70,0,11.36,AR,1623661200
249,Labytnangi,66.6572,66.4183,77.22,34,98,7.18,RU,1623661200
250,Antofagasta,-23.65,-70.4,58.28,77,53,1.63,CL,1623661200
251,Gizo Government Station,-8.103,156.8419,82.2,77,65,8.66,SB,1623661200
252,Iracoubo,5.4802,-53.2011,76.48,89,90,5.41,GF,1623661200
253,Idlib,35.9306,36.6339,86.27,24,0,13.24,SY,1623661200
254,Dzhebariki-Khaya,62.2167,135.8,61.18,55,46,6.06,RU,1623661200
255,Bengkulu,-3.8004,102.2655,83.98,73,81,5.75,ID,1623661200
256,Antsohihy,-14.8796,47.9875,82.51,63,37,3.31,MG,1623661200
257,Provideniya,64.3833,-173.3,35.87,98,100,9.24,RU,1623661200
258,Isangel,-19.55,169.2667,75.83,88,55,10.98,VU,1623661200
259,Castro,-24.7911,-50.0119,42.17,96,9,3.4,BR,1623661200
260,Kenora,49.8167,-94.4337,61.77,63,1,7.99,CA,1623661200
261,Honiara,-9.4333,159.95,79.09,87,39,7.05,SB,1623661200
262,Dharmavaram,14.4333,77.7167,86.27,51,100,27.51,IN,1623661200
263,Shanghai,31.2222,121.4581,83.25,81,0,6.8,CN,1623661200
264,Omboué,-1.5746,9.2618,82.74,69,98,4.18,GA,1623661200
265,Pilar,-9.5972,-35.9567,71.53,92,83,4.32,BR,1623661200
266,Deputatsky,69.3,139.9,54.88,59,87,5.82,RU,1623661200
267,Harrisburg,40.2737,-76.8844,67.1,90,1,4.25,US,1623661200
268,Langsa,4.4683,97.9683,88.75,60,91,5.39,ID,1623661200
269,Tsaratanana,-16.7833,47.65,79.65,63,15,4.07,MG,1623661200
270,Tautira,-17.7333,-149.15,79.86,78,100,15.41,PF,1623661200
271,Imbituba,-28.24,-48.6703,57.09,78,0,6.6,BR,1623661200
272,Sayyan,15.1718,44.3244,76.8,8,83,6.78,YE,1623661200
273,Port Lincoln,-34.7333,135.8667,59.14,69,51,4.9,AU,1623661200
274,Xingyi,24.1877,102.817,75.94,61,96,5.84,CN,1623661200
275,Songea,-10.6833,35.65,71.02,46,20,6.62,TZ,1623661200
276,Strezhevoy,60.7333,77.5889,82.38,28,100,9.73,RU,1623661200
277,Walvis Bay,-22.9575,14.5053,81.55,17,0,5.95,NA,1623661200
278,Tuatapere,-46.1333,167.6833,50.52,97,84,3.56,NZ,1623661200
279,Northam,51.0333,-4.2167,64.15,84,75,9.33,GB,1623661200
280,Namwala,-15.7504,26.4384,72.23,22,56,6.15,ZM,1623661200
281,Buchanan,5.8808,-10.0467,80.6,78,89,4.07,LR,1623661200
282,Barra do Garças,-15.89,-52.2567,65.61,70,3,1.9,BR,1623661200
283,Guerrero Negro,27.9769,-114.0611,62.2,90,71,8.97,MX,1623661200
284,Langham,52.3668,-106.9679,62.17,62,5,8.68,CA,1623661200
285,Yarkovo,57.4028,67.0786,84.56,25,19,9.24,RU,1623661200
286,Lamar,33.6668,-95.5836,77.18,86,1,6.71,US,1623661200
287,Batagay,67.6333,134.6333,68.81,34,82,8.99,RU,1623661200
288,Mayo,38.8876,-76.5119,67.44,83,94,6.73,US,1623661200
289,Kuusamo,65.9667,29.1833,58.28,51,75,14.45,FI,1623661200
290,Brookhaven,31.5791,-90.4407,71.91,95,40,4.12,US,1623661200
291,Cururupu,-1.8283,-44.8683,73.02,97,72,2.24,BR,1623661200
292,Khatanga,71.9667,102.5,49.59,81,100,11.34,RU,1623661200
293,Olafsvik,64.8945,-23.7142,40.26,68,82,23.71,IS,1623661200
294,Atherton,53.5237,-2.4935,59.41,82,100,6.96,GB,1623661200
295,Madaoua,14.073,5.96,96.96,30,0,7.14,NE,1623661200
296,Carnarvon,-24.8667,113.6333,69.87,54,0,16.64,AU,1623661200
297,Sakakah,29.9697,40.2064,107.19,6,0,14.36,SA,1623661200
298,Kushima,31.4583,131.2333,78.84,79,76,4.54,JP,1623661200
299,Meulaboh,4.1363,96.1285,85.32,69,96,7.83,ID,1623661200
300,Krasnorechenskiy,44.6265,135.3532,60.33,77,52,5.55,RU,1623661200
301,Lavrentiya,65.5833,-171.0,34.56,99,100,5.93,RU,1623661200
302,Vaitape,-16.5167,-151.75,79.48,81,86,16.13,PF,1623661200
303,Namatanai,-3.6667,152.4333,80.74,81,32,8.77,PG,1623661200
304,Daru,-9.0763,143.2092,78.69,89,99,9.69,PG,1623661200
305,Brae,60.3964,-1.353,51.71,81,96,21.9,GB,1623661200
306,Saravan,39.7196,45.6483,77.65,30,0,7.56,AM,1623661200
307,Suifenhe,44.4,131.1667,69.31,83,30,4.47,CN,1623661200
308,Yanam,16.7333,82.2167,88.2,83,100,8.43,IN,1623661200
309,Petropavlovsk-Kamchatskiy,53.0452,158.6483,50.59,76,20,2.48,RU,1623661200
310,Nyurba,63.2842,118.3319,72.52,31,100,3.83,RU,1623661200
311,Pitimbu,-7.4706,-34.8086,72.18,91,62,8.19,BR,1623661200
312,Laguna,38.421,-121.4238,64.8,85,1,6.2,US,1623661200
313,Plettenberg Bay,-34.0527,23.3716,62.73,66,61,3.29,ZA,1623661200
314,Maniitsoq,65.4167,-52.9,38.86,77,45,9.44,GL,1623661200
315,Cookeville,36.1628,-85.5016,69.04,97,75,2.08,US,1623661200
316,Arrondissement de Bastia,42.6667,9.3333,79.72,75,90,4.34,FR,1623661200
317,Okha,53.5739,142.9478,48.74,61,35,6.53,RU,1623661200
318,Porbandar,21.6422,69.6093,89.83,62,20,16.8,IN,1623661200
319,Yakymivka,46.6897,35.1536,75.42,54,12,13.2,UA,1623661200
320,Olathe,38.8814,-94.8191,65.77,79,1,4.16,US,1623661200
321,Cap Malheureux,-19.9842,57.6142,78.48,53,8,18.86,MU,1623661200
322,Te Anau,-45.4167,167.7167,50.11,95,98,1.9,NZ,1623661200
323,Alice Town,25.7167,-79.3,83.08,76,100,16.24,BS,1623661200
324,Ilhabela,-23.7781,-45.3581,61.99,81,41,3.27,BR,1623661200
325,East Massapequa,40.6734,-73.4365,64.33,85,20,9.86,US,1623661200
326,Padang,-0.9492,100.3543,83.32,79,79,3.06,ID,1623661200
327,Sambava,-14.2667,50.1667,78.94,70,6,8.37,MG,1623661200
328,Douglas,41.3,-96.167,67.39,72,1,5.55,US,1623661200
329,Erzin,36.9559,36.2,81.66,50,0,9.8,TR,1623661200
330,Nome,64.5011,-165.4064,46.47,93,90,7.87,US,1623661200
331,Mpanda,-6.3655,31.0409,79.21,42,100,5.1,TZ,1623661200
332,El Dorado,38.7666,-120.5177,55.92,79,0,4.79,US,1623661200
333,Betioky,-23.7167,44.3833,81.5,40,0,3.6,MG,1623661200
334,Vila,42.0304,-8.1588,70.61,50,7,2.39,PT,1623661200
335,Upata,8.0086,-62.3989,74.19,96,97,0.89,VE,1623661200
336,Norsup,-16.0667,167.3833,78.28,84,23,8.16,VU,1623661200
337,Kasane,-17.8167,25.15,74.39,21,0,8.05,BW,1623661200
338,Bereda,43.2686,-7.5406,71.35,86,25,3.38,ES,1623661200
339,Bad Salzungen,50.8167,10.2333,68.79,55,3,4.5,DE,1623661200
340,Seymchan,62.8833,152.4333,68.95,49,97,8.79,RU,1623661200
341,Anloga,5.7947,0.8973,83.43,73,91,9.53,GH,1623661200
342,Zhigansk,66.7697,123.3711,53.1,74,95,12.48,RU,1623661200
343,Soyo,-6.1349,12.3689,79.41,75,95,7.36,AO,1623661200
344,Kapoeta,4.7717,33.5903,89.24,38,91,1.61,SS,1623661200
345,Amuntai,-2.4177,115.2494,82.38,75,100,3.11,ID,1623661200
346,Ahipara,-35.1667,173.1667,60.21,96,92,5.73,NZ,1623661200
347,Coquimbo,-29.9533,-71.3436,53.44,82,90,3.06,CL,1623661200
348,Presque Isle,46.6811,-68.0159,47.62,81,1,3.69,US,1623661200
349,Constitución,-35.3333,-72.4167,49.87,66,100,7.92,CL,1623661200
350,Vestmanna,62.1564,-7.1664,47.52,100,90,13.6,FO,1623661200
351,Esna,25.2934,32.554,97.52,14,0,27.63,EG,1623661200
352,Nador,35.174,-2.9287,75.45,64,20,5.28,MA,1623661200
353,Iqaluit,63.7506,-68.5145,34.11,93,40,6.02,CA,1623661200
354,Berdsk,54.7551,83.0967,69.04,50,1,9.55,RU,1623661200
355,Husavik,66.0449,-17.3389,37.31,76,100,11.41,IS,1623661200
356,Saint Paul Harbor,57.79,-152.4072,47.35,87,1,7.87,US,1623661200
357,Ponta do Sol,32.6667,-17.1,72.03,68,46,1.77,PT,1623661200
358,Nioro,13.35,-15.75,82.51,62,55,8.32,GM,1623661200
359,Novi Pazar,43.1367,20.5122,60.1,54,46,7.49,RS,1623661200
360,Bogalusa,30.791,-89.8487,73.58,88,3,3.15,US,1623661200
361,Salym,60.0625,71.4789,84.27,26,39,10.6,RU,1623661200
362,Bagru,26.8088,75.5423,102.42,28,66,9.62,IN,1623661200
363,Bhadrāchalam,17.6667,80.8833,80.74,82,100,8.57,IN,1623661200
364,Rawson,-43.3002,-65.1023,41.81,72,16,21.16,AR,1623661200
365,Galle,6.0367,80.217,83.97,74,92,16.62,LK,1623661200
366,Sémbé,1.6481,14.5806,83.44,63,81,2.53,CG,1623661200
367,Tsiroanomandidy,-18.7667,46.0333,77.41,47,10,4.0,MG,1623661200
368,Ovruch,51.3246,28.8035,63.54,71,92,6.89,UA,1623661200
369,Bang Saphan,11.2126,99.5117,90.86,51,95,10.16,TH,1623661200
370,Mahanje,-9.9333,35.3333,72.3,43,96,6.15,TZ,1623661200
371,Lagoa,39.05,-27.9833,67.21,76,8,2.75,PT,1623661200
372,Haines Junction,60.7522,-137.5108,55.35,62,98,1.86,CA,1623661200
373,Les Cayes,18.2,-73.75,77.88,83,100,6.82,HT,1623661200
374,Kokopo,-4.352,152.2633,78.82,83,5,13.15,PG,1623661200
375,Havelock,34.8791,-76.9013,71.17,94,100,5.41,US,1623661200
376,Vikhorevka,56.1201,101.1636,54.99,66,100,10.65,RU,1623661200
377,Nauta,-4.5061,-73.5757,68.95,95,10,0.72,PE,1623661200
378,Valle d'Aosta,45.7667,7.4167,69.42,50,2,0.34,IT,1623661200
379,Kununurra,-15.7667,128.7333,84.18,42,52,6.46,AU,1623661200
380,Lake Havasu City,34.4839,-114.3224,89.28,7,1,6.11,US,1623661200
381,Ngunguru,-35.6167,174.5,60.46,92,42,6.6,NZ,1623661200
382,Portland,45.5234,-122.6762,60.04,94,91,1.43,US,1623661200
383,Bethel,41.3712,-73.414,62.69,85,90,5.28,US,1623661200
384,Batouri,4.4333,14.3667,82.0,59,82,1.43,CM,1623661200
385,Nurota,40.5614,65.6886,87.93,8,0,20.83,UZ,1623661200
386,Tubualá,9.5167,-79.0333,78.35,87,100,8.77,PA,1623661200
387,Kimbe,-5.5502,150.1429,78.3,79,1,3.49,PG,1623661200
388,Lādnūn,27.65,74.3833,105.26,25,41,10.67,IN,1623661200
389,Mount Gambier,-37.8333,140.7667,55.31,76,97,5.61,AU,1623661200
390,Jashpurnagar,22.9,84.15,79.63,74,100,10.94,IN,1623661200
391,Saint-Pierre,-21.3393,55.4781,78.44,66,0,6.15,RE,1623661200
392,Huilong,31.8111,121.655,80.98,93,100,11.61,CN,1623661200
393,Yenagoa,4.9247,6.2642,85.14,68,42,3.94,NG,1623661200
394,Mweka,-4.85,21.5667,86.11,26,100,5.23,CD,1623661200
395,Opuwo,-18.0607,13.84,70.18,19,0,14.16,NA,1623661200
396,Kasempa,-13.4584,25.8338,72.25,23,17,8.93,ZM,1623661200
397,Karla,59.3723,24.9275,66.13,47,0,6.11,EE,1623661200
398,Miles City,46.4083,-105.8406,72.57,43,1,13.44,US,1623661200
399,Santo Amaro da Imperatriz,-27.6881,-48.7786,55.33,82,0,3.89,BR,1623661200
400,Tabou,4.423,-7.3528,81.3,77,74,6.76,CI,1623661200
401,Shelburne,44.0787,-80.2041,57.13,70,97,9.37,CA,1623661200
402,La Rioja,42.25,-2.5,77.04,41,6,4.52,ES,1623661200
403,Changji,44.0167,87.3167,74.75,30,40,14.47,CN,1623661200
404,Yangi Marg`ilon,40.4272,71.7189,90.3,21,1,6.49,UZ,1623661200
405,Nago,26.5881,127.9761,78.58,88,100,10.31,JP,1623661200
406,Zyryanka,65.75,150.85,65.17,59,100,11.32,RU,1623661200
407,Kanigoro,-8.13,112.219,79.32,83,93,7.85,ID,1623661200
408,Kavieng,-2.5744,150.7967,82.96,72,6,10.0,PG,1623661200
409,Talara,-4.5772,-81.2719,66.16,90,23,7.63,PE,1623661200
410,Santa Maria,-29.6842,-53.8069,51.85,85,0,3.98,BR,1623661200
411,Muli,2.9167,73.5667,83.34,74,61,12.19,MV,1623661200
412,Dibombari,4.1787,9.6561,83.64,77,99,0.45,CM,1623661200
413,Mahibadhoo,3.7833,72.9667,83.23,74,59,12.68,MV,1623661200
414,Gilgit,35.9221,74.3087,81.84,29,59,4.43,PK,1623661200
415,Khanpur,28.6453,70.6567,106.23,29,0,5.84,PK,1623661200
416,Chumikan,54.7183,135.315,44.37,68,100,5.57,RU,1623661200
417,Hvolsvollur,63.7533,-20.2243,40.8,85,100,7.05,IS,1623661200
418,Ilulissat,69.2167,-51.1,37.42,75,90,4.68,GL,1623661200
419,Isla Vista,34.4133,-119.861,64.74,67,1,8.41,US,1623661200
420,Panama City,8.9936,-79.5197,76.96,91,100,5.17,PA,1623661200
421,Bac Lieu,9.285,105.7244,88.25,62,68,12.08,VN,1623661200
422,Bystřice nad Pernštejnem,49.5229,16.2615,60.73,48,3,6.96,CZ,1623661200
423,Tura,25.5198,90.2201,86.59,69,50,7.31,IN,1623661200
424,Ürümqi,43.801,87.6005,68.74,30,40,14.7,CN,1623661200
425,Progreso,21.2833,-89.6667,75.04,90,100,6.46,MX,1623661200
426,Kenai,60.5544,-151.2583,50.18,77,1,8.25,US,1623661200
427,Sonoita,31.85,-112.8333,84.52,21,14,2.73,MX,1623661200
428,Alofi,-19.0595,-169.9187,77.56,83,93,26.53,NU,1623661200
429,Yulara,-25.2406,130.9889,69.64,26,0,6.82,AU,1623661200
430,São João da Barra,-21.6403,-41.0511,63.91,76,64,9.37,BR,1623661200
431,Ilabaya,-17.4208,-70.5133,61.29,35,1,4.18,PE,1623661200
432,Bairiki Village,1.3292,172.9752,84.2,79,75,14.16,KI,1623661200
433,Iranduba,-3.2847,-60.1861,77.29,91,84,1.95,BR,1623661200
434,Tezu,27.9167,96.1667,86.04,86,93,2.06,IN,1623661200
435,Manaquiri,-3.3167,-60.35,77.45,92,81,1.86,BR,1623661200
436,Avera,33.194,-82.5271,68.74,91,75,1.19,US,1623661200
437,Omsukchan,62.5333,155.8,62.11,45,6,10.83,RU,1623661200
438,Manokwari,-0.8667,134.0833,78.98,84,66,6.58,ID,1623661200
439,Amahai,-3.3333,128.9167,78.85,85,100,2.46,ID,1623661200
440,Cerrito,6.8432,-72.694,52.2,94,100,4.21,CO,1623661200
441,Dudinka,69.4058,86.1778,68.79,49,10,12.57,RU,1623661200
442,Nishihara,26.1842,127.7558,78.33,94,75,7.81,JP,1623661200
443,Shihezi,44.3,86.0333,76.14,18,2,14.65,CN,1623661200
444,Ambunti,-4.2365,142.8448,80.02,76,80,1.14,PG,1623661200
445,Marabu,4.4148,114.0089,89.74,66,40,5.57,MY,1623661200
446,Quatre Cocos,-20.2078,57.7625,78.1,62,67,14.45,MU,1623661200
447,Harwich,51.9419,1.2844,72.57,65,9,9.15,GB,1623661200
448,NEDJO,9.5046,35.5019,67.06,80,100,7.34,ET,1623661200
449,Moranbah,-22.0016,148.0466,69.89,70,53,8.19,AU,1623661200
450,Mount Isa,-20.7333,139.5,73.72,19,40,3.29,AU,1623661200
451,Dhidhdhoo,6.8833,73.1,83.57,75,100,17.52,MV,1623661200
452,Anderson,34.5334,-82.6499,69.42,96,1,4.12,US,1623661200
453,Pangnirtung,66.1451,-65.7125,34.68,97,100,2.15,CA,1623661200
454,Kaélé,10.1092,14.4508,91.92,40,51,9.93,CM,1623661200
455,Pullman,46.7313,-117.1796,63.48,59,1,11.41,US,1623661200
456,Yamada,39.4667,141.95,67.48,93,99,4.43,JP,1623661200
457,Banda Aceh,5.5577,95.3222,84.97,74,97,13.09,ID,1623661200
458,Dera Bugti,29.0307,69.151,103.14,30,0,11.9,PK,1623661200
459,Ishigaki,24.3448,124.1572,86.13,84,75,13.69,JP,1623661200
460,San Vicente,-26.6167,-54.1333,48.74,88,0,2.17,AR,1623661200
461,Kunigal,13.0222,77.0267,83.77,58,100,24.05,IN,1623661200
462,Gopālpur,19.2667,84.9167,89.62,59,100,9.44,IN,1623661200
463,Beeville,28.4008,-97.7483,75.31,100,1,4.99,US,1623661200
464,Alyangula,-13.8483,136.4192,80.47,78,85,5.66,AU,1623661200
465,Ixtapa,20.7,-105.2,76.23,94,100,1.63,MX,1623661200
466,Cayenne,4.9333,-52.3333,77.38,91,90,5.06,GF,1623661200
467,Dingle,10.9995,122.6711,85.24,74,38,4.72,PH,1623661200
468,Karatau,43.1667,70.4667,82.62,12,0,21.25,KZ,1623661200
469,Raudeberg,61.9875,5.1352,52.86,88,100,18.28,NO,1623661200
470,Olinda,-8.0089,-34.8553,74.21,83,40,10.27,BR,1623661200
471,Aykhal,66.0,111.5,48.02,73,100,11.9,RU,1623661200
472,Prince Rupert,54.3161,-130.3201,52.97,88,75,4.03,CA,1623661200
473,Oranjemund,-28.55,16.4333,67.26,53,6,4.21,NA,1623661200
474,Port Elizabeth,-33.918,25.5701,65.32,72,0,4.32,ZA,1623661200
475,Oblivskaya,48.5362,42.5014,79.72,48,30,4.56,RU,1623661200
476,Ginda,30.6945,78.4932,83.79,32,7,4.54,IN,1623661200
477,Benguela,-12.5763,13.4055,80.98,31,71,3.6,AO,1623661200
478,San Francisco,37.7749,-122.4194,62.89,92,90,4.41,US,1623661200
479,Otjimbingwe,-22.35,16.1333,71.38,22,0,9.8,NA,1623661200
480,Sørland,67.667,12.6934,48.06,75,96,3.56,NO,1623661200
481,Batagay-Alyta,67.8006,130.4114,59.43,44,95,11.1,RU,1623661200
482,Camaná,-16.6228,-72.7111,63.1,75,4,6.04,PE,1623661200
483,Ridgecrest,35.6225,-117.6709,82.09,24,1,4.7,US,1623661200
484,Nizhniy Kuranakh,58.8353,125.4869,51.06,95,100,2.48,RU,1623661200
485,Salò,45.6086,10.531,79.92,60,25,6.51,IT,1623661200
486,Aripuanã,-9.1667,-60.6333,71.92,72,68,1.1,BR,1623661200
487,Melioratorov,57.2107,65.6077,88.18,15,0,10.54,RU,1623661200
488,Bathsheba,13.2167,-59.5167,81.21,65,40,20.6,BB,1623661200
489,Ampanihy,-24.7,44.75,79.34,41,0,9.01,MG,1623661200
490,Kosikha,53.3617,84.5822,68.77,48,13,9.69,RU,1623661200
491,Koumac,-20.5667,164.2833,74.07,77,10,7.63,NC,1623661200
492,Enshi,30.3,109.4833,86.0,72,100,5.57,CN,1623661200
493,Fayaoué,-20.65,166.5333,76.12,85,7,10.42,NC,1623661200
494,Vuktyl,63.8567,57.3094,74.39,51,88,10.09,RU,1623661200
495,Srednekolymsk,67.45,153.6833,75.06,35,78,6.64,RU,1623661200
496,Kimberley,-28.7323,24.7623,68.22,26,0,9.08,ZA,1623661200
497,Cabedelo,-6.9811,-34.8339,72.23,92,40,9.48,BR,1623661200
498,Llanes,43.4198,-4.7549,73.89,86,6,4.47,ES,1623661200
499,Wattegama,6.7989,81.4808,91.63,43,56,4.16,LK,1623661200
500,Burla,21.5,83.8667,84.94,88,100,9.24,IN,1623661200
501,Port Hedland,-20.3167,118.5667,77.05,50,8,7.05,AU,1623661200
502,Barpāli,21.2,83.5833,79.18,84,100,7.4,IN,1623661200
503,Ginosa,40.5801,16.7561,78.87,28,4,14.81,IT,1623661200
504,Cascais,38.6979,-9.4215,68.74,72,0,5.59,PT,1623661200
505,Sirte,31.2089,16.5887,75.49,60,0,6.76,LY,1623661200
506,The Pas,53.8251,-101.2541,53.44,93,1,5.39,CA,1623661200
507,Lang Son,21.8333,106.7333,85.55,70,53,10.67,VN,1623661200
508,Sinnamary,5.3833,-52.95,77.14,87,82,5.21,GF,1623661200
509,Dabakala,8.3667,-4.4333,80.94,73,43,7.47,CI,1623661200
510,Nampula,-15.1165,39.2666,74.88,68,75,9.78,MZ,1623661200
511,Assiniboia,49.6334,-105.9845,62.83,58,29,12.82,CA,1623661200
512,Bestöbe,52.4994,73.0975,82.06,30,40,12.28,KZ,1623661200
513,Funadhoo,6.15,73.2667,83.57,75,100,16.82,MV,1623661200
514,Bubaque,11.2833,-15.8333,78.69,80,100,7.92,GW,1623661200
515,Andenes,69.3143,16.1194,44.65,76,75,11.95,NO,1623661200
516,Faya,18.3851,42.4509,81.91,7,37,13.02,SA,1623661200
517,Santa Rosa,14.3122,121.1114,88.36,60,90,11.79,PH,1623661200
518,Khandyga,62.6667,135.6,60.53,53,39,2.59,RU,1623661200
519,Kyra,49.5776,111.9753,75.88,33,48,4.07,RU,1623661200
520,Tomatlán,19.9333,-105.25,76.64,85,99,1.3,MX,1623661200
521,Waingapu,-9.6567,120.2641,82.65,68,58,10.18,ID,1623661200
522,Sződliget,47.7326,19.1475,69.51,51,8,6.08,HU,1623661200
523,Anadyr,64.75,177.4833,44.01,70,75,3.71,RU,1623661200
524,Caravelas,-17.7125,-39.2481,70.05,81,94,9.53,BR,1623661200
525,Karratha,-20.7377,116.8463,77.63,39,33,9.69,AU,1623661200
526,Yar-Sale,66.8333,70.8333,76.66,35,8,9.08,RU,1623661200
527,Pangai,-19.8,-174.35,77.16,79,63,19.22,TO,1623661200
528,Berlevåg,70.8578,29.0864,51.75,50,20,19.8,NO,1623661200
529,San Borja,-14.8167,-66.85,59.74,89,0,2.08,BO,1623661200
530,Clyde River,70.4692,-68.5914,32.63,100,90,4.85,CA,1623661200
531,Merced,37.1666,-120.7516,65.25,62,0,8.68,US,1623661200
532,Turaif,31.6725,38.6637,97.05,16,0,6.91,SA,1623661200
533,Menzel Kamel,35.6248,10.6673,83.17,53,0,1.28,TN,1623661200
534,Dakoro,14.5106,6.765,95.34,30,0,7.36,NE,1623661200
535,Lyubertsy,55.6778,37.8833,76.59,54,22,5.55,RU,1623661200
536,Kiryat Gat,31.61,34.7642,82.0,38,0,14.9,IL,1623661200
537,Hasaki,35.7333,140.8333,70.32,85,100,9.35,JP,1623661200
538,Sungai Penuh,-2.0833,101.3833,71.76,92,85,1.05,ID,1623661200
539,Nadym,65.5333,72.5167,77.52,42,74,13.69,RU,1623661200
540,Bichura,50.5881,107.6022,64.35,55,99,9.89,RU,1623661200
541,Narsaq,60.9167,-46.05,38.71,78,58,4.25,GL,1623661200
542,Bafoulabé,13.8065,-10.8321,88.18,51,96,9.26,ML,1623661200
543,Goundam,16.4145,-3.6708,100.47,25,89,13.78,ML,1623661200
544,Isa Khel,36.6702,68.8443,100.02,10,0,8.84,AF,1623661200
545,Acapulco de Juárez,16.8634,-99.8901,78.8,83,98,2.44,MX,1623661200
546,Lázaro Cárdenas,17.9583,-102.2,79.02,75,98,2.75,MX,1623661200
547,Kahului,20.8947,-156.47,75.18,80,40,12.08,US,1623661200
548,Coyhaique,-45.5752,-72.0662,33.75,80,20,5.61,CL,1623661200
549,New Baltimore,42.6811,-82.7369,64.45,93,90,10.38,US,1623661200
550,Beruwala,6.4788,79.9828,83.77,73,97,14.27,LK,1623661200
551,Stornoway,58.2093,-6.3865,53.58,76,40,23.42,GB,1623661200
552,Teya,60.3778,92.6267,64.69,30,9,8.28,RU,1623661200
553,Maliq,40.7058,20.6997,64.24,51,4,8.05,AL,1623661200
554,Florence,43.7667,11.25,85.96,78,75,2.59,IT,1623661200
555,Severodvinsk,64.5635,39.8302,62.71,68,93,6.8,RU,1623661200
556,Iquitos,-3.7481,-73.2472,73.44,100,75,0.72,PE,1623661200
557,Suntar,62.1444,117.6319,71.37,31,98,8.23,RU,1623661200
558,Fortuna,40.5982,-124.1573,58.59,70,90,1.43,US,1623661200
